{
  "125.0": {
    "obs": [
      91448.20155294426
    ],
    "p": 0.784,
    "toy": [
      968399.3043846898,
      1407523.279965032,
      1731210.7361150337,
      2283837.2582137417,
      61773.400455011986,
      59064.58343788795,
      823664.2519816086,
      334219.29454755224,
      28424.813618822955,
      363121.4708073102,
      36291.60098529328,
      779254.4166848361,
      978716.8933796594,
      157186.71243251208,
      43103.33438289445,
      327013.8758886503,
      557497.9065289665,
      967785.3238264006,
      929179.6630142089,
      1586860.9640465062,
      181907.59238202963,
      774368.9610508652,
      174096.56910540164,
      873212.3582555298,
      73495.31962646265,
      1754419.4503998114,
      150920.231707477,
      7245.5795025723055,
      754291.429652812,
      886169.2296912549,
      120409.21396930423,
      260200.2180228904,
      1077985.0348644955,
      135778.82985759247,
      1885485.303729862,
      37142.21193190105,
      600319.0764252907,
      340948.9017501734,
      52141.59157427959,
      438943.0617892863,
      1527152.0063866172,
      974530.1803472452,
      46819.98682563286,
      586014.6529604709,
      779432.9060628498,
      1263857.0881256722,
      96235.24572360981,
      366850.42469579633,
      1148946.7338208118,
      222354.2056508148,
      30682.94611277152,
      246864.21019094065,
      1110003.3463290306,
      373492.7852503322,
      871893.394034706,
      950583.2890047282,
      253692.7041999707,
      124788.55073249154,
      845318.2904565996,
      79956.89024797734,
      846341.4988542879,
      504210.2154674446,
      23073.2850565752,
      769199.598030094,
      787870.8652786743,
      274850.11740059033,
      761651.3366565323,
      1362922.8137944937,
      900443.2311405586,
      23730.80637490377,
      121832.82562318537,
      133718.77910753246,
      466714.6738678161,
      781602.5788121764,
      139841.23580084462,
      158143.41802823637,
      166535.00609969068,
      144168.45241721813,
      49020.17141915206,
      426087.5772860283,
      4197642.583101245,
      89173.59687220585,
      1011660.1328673335,
      441617.24963091593,
      1288629.6966846678,
      1205731.6069495268,
      1040827.9383831006,
      36957.47073564399,
      454291.58989661,
      313660.44958550483,
      1491341.9112371486,
      81553.53788841702,
      1201495.0979058892,
      109638.75912744552,
      50630.656419188716,
      73989.12463839632,
      761098.8189505199,
      842914.9162306525,
      770768.9535795357,
      137604.08346614335,
      116474.69272968546,
      13025.434675070457,
      290600.3191848425,
      33565.70985313784,
      99356.53001732938,
      211170.742896487,
      1111183.3516446827,
      978429.0944059556,
      140173.20704604872,
      141980.6785367187,
      5115.2091616187245,
      33010.2496900931,
      227076.1679183403,
      767379.4879821008,
      1056693.3541207435,
      261183.8193015894,
      777497.0868351683,
      65571.57145193033,
      46485.73658757657,
      208367.0949265277,
      814378.6775132269,
      785826.393544727,
      590503.688531694,
      75756.0977113666,
      355848.31098546274,
      61000.963718088344,
      273026.7786141932,
      1141569.9959903928,
      1176155.553739532,
      2465029.5178723577,
      325839.9687577784,
      1132721.2895428268,
      1176671.8751313072,
      937159.8053006856,
      70890.15114732739,
      768368.6437554108,
      7817.482949764468,
      92918.27372164372,
      99040.61523906142,
      158618.81953808665,
      1212767.311727074,
      1057784.4243025417,
      1452539.8264008611,
      1496515.558733698,
      1789588.5983237103,
      1918617.007041528,
      39670.19112972263,
      12801.857066406868,
      1882903.6439733002,
      94467.29150396772,
      7367.330649194308,
      1982584.524236082,
      83219.65479991771,
      72801.06199091394,
      58935.9562304141,
      1062806.186104834,
      917586.2820981042,
      145801.94638646021,
      9323.547449891455,
      63418.1371738296,
      1312817.7207151083,
      1279492.5891086627,
      320635.5737659484,
      905468.7119039353,
      135534.86555875,
      797527.0808640318,
      800102.1381493909,
      871224.593948367,
      1511403.9353282629,
      233397.03089660034,
      524478.3079921035,
      72803.68280661665,
      2452401.764010328,
      764929.5891234269,
      275992.9535215264,
      798254.3187581031,
      206474.91383059416,
      757016.6365215704,
      625527.9628154207,
      851657.3983118562,
      1298352.678825735,
      1081617.2715150118,
      441515.3331450913,
      903957.5924341483,
      7314.583806511946,
      901656.8807535209,
      778037.0215056613,
      4439.34244770091,
      2264252.100403715,
      1165274.1724762674,
      35825.599553024396,
      177117.37241377775,
      1369150.5088355392,
      903218.0900228797,
      230942.26552028302,
      45634.02119783964,
      812793.8073393637,
      153283.36083861813,
      868096.1117396308,
      835567.5596820246,
      29624.63505018223,
      867199.9269703357,
      207717.7918173354,
      820494.5328713115,
      154713.64992240723,
      29980.256622985005,
      256091.93998764735,
      1619117.9761332218,
      1262952.3609700063,
      372457.3747201031,
      791960.2529724548,
      19999.185719499364,
      17174.462380329147,
      1946420.502335975,
      47196.7148445528,
      316889.1086499598,
      849169.2163751833,
      896735.8458203617,
      67024.03262471966,
      83311.97315906174,
      518304.53644615505,
      39711.875716760755,
      640409.437927654,
      118870.2355395602,
      795600.4950907575,
      1450945.249206612,
      124712.65554450452,
      1461666.2303964747,
      36173.9385244064,
      32299.89866441209,
      544881.3338833293,
      4415.132465507835,
      140133.02651937213,
      768723.053883695,
      783041.0713221729,
      166674.416995625,
      932650.6057416201,
      772407.2075703098,
      257770.19060051814,
      663550.5960481549,
      371323.17107047327,
      2320778.249487345,
      200549.5396405831,
      334677.78946963977,
      1187110.8831499312,
      1382634.5475642858,
      864408.0845763618,
      820527.0312943617,
      191100.43022465333,
      880413.9113569418
    ]
  }
}