{
  "125.0": {
    "obs": [
      108241.42937478237
    ],
    "p": 0.328,
    "toy": [
      1310594.389980345,
      14950.857870439999,
      46366.31180194393,
      211549.07882965636,
      52740.739815515466,
      41136.43104821257,
      377039.6809826428,
      50470.05621559173,
      23674.401375795715,
      299565.11405927595,
      30135.83148195874,
      43353.80566459242,
      63736.79724575672,
      4515.695717556402,
      136203.10846030246,
      8998.032991083339,
      15665.767381995916,
      8362.540951591916,
      110353.41535369586,
      268705.9826659104,
      109563.18326489069,
      383855.62443889957,
      96847.47021578811,
      158384.18042898644,
      2900.9328157790005,
      36511.417881457135,
      95314.62575049885,
      69065.28121515643,
      118142.329078326,
      22406.795109519735,
      4702.5955440038815,
      52411.22617348656,
      64171.190992446616,
      520446.00588358287,
      266084.2338922024,
      98601.5953449551,
      43482.298625848256,
      15543.627874316648,
      10006.886417740956,
      104697.90052091889,
      72074.93109464273,
      49156.98550335225,
      408795.7012779908,
      21328.437936183996,
      64527.646524101496,
      61109.006951454096,
      59701.124146988615,
      6675.648744713515,
      39421.21663156059,
      226279.96144282073,
      129783.42651099898,
      134020.9233002104,
      12528.29336275626,
      134517.54741782602,
      5681.402284157462,
      7735.684482454322,
      111942.34746370558,
      178733.68013502937,
      1706.6644265968353,
      78041.05791833624,
      1312815.0272372859,
      440416.2543057222,
      106617.04047457874,
      9621.88744342234,
      130183.57884117682,
      5704.491214653477,
      331329.6201976873,
      347412.17494201194,
      27706.216110548936,
      14768.46307033021,
      72660.44804755691,
      12590.072709772736,
      87886.58261297736,
      20574.30708578974,
      8242.132913173176,
      49070.53720824979,
      7695.201024030335,
      74968.50360050797,
      100959.43243117444,
      30154.21971014701,
      185374.49355413206,
      108482.09193414543,
      287647.953001366,
      93463.26790130232,
      125633.0958023388,
      126584.92353612091,
      142246.57894536946,
      7242.315645297989,
      40500.98713520449,
      50595.005343028344,
      3578.1436552368104,
      2984.6268046377227,
      21424.714343247004,
      74783.11766801775,
      25447.475588686764,
      8959.876709513366,
      1186146.4542815415,
      7018.287629792467,
      22384.007115624845,
      1283.9365481361747,
      20759.65029482916,
      2844.3390161925927,
      24328.479853327386,
      48050.78965801466,
      32947.31804047711,
      5876.150054456666,
      313677.77944960166,
      185613.20338792913,
      379129.13962497655,
      2187.3529429016635,
      39507.322056848556,
      7405.271599571221,
      28526.19563550502,
      1514.9855420002714,
      101357.68639082927,
      653272.7101045297,
      66702.22956311423,
      17840.347389990464,
      78923.2845252268,
      22634.34255034104,
      115691.62622070499,
      80683.08478659205,
      42651.11422059033,
      35606.713744227774,
      11788.109364004806,
      21493.654864920303,
      16654.992003699765,
      2769.264815993607,
      189717.92072925717,
      506227.0994219007,
      9044.841743494384,
      54627.22935299296,
      9140.45553528238,
      109691.21539518796,
      218324.86415494792,
      169223.913881124,
      38271.341950008646,
      724380.63592391,
      14383.019511035644,
      6441.457768537104,
      7786.241024225019,
      24593.27761232201,
      269980.553494093,
      23466.994033912197,
      62599.072964993306,
      186480.82641240396,
      100833.81918588001,
      66360.95010830183,
      22512.97342640534,
      11155.534046364017,
      54796.452177459374,
      183160.17427439708,
      9821.773765583523,
      78351.20760626066,
      139675.04165199306,
      30243.02974887844,
      180845.91586751305,
      7861.68618301861,
      50892.98116141092,
      52670.184052839875,
      22051.671054941602,
      14456.503446942195,
      191160.6482234504,
      40027.071779846214,
      11080.516405550763,
      179552.81434172578,
      333351.64246910065,
      260778.765295594,
      169470.5528318789,
      17937.550477514975,
      75518.05634699948,
      260808.73148779478,
      34947.48982300237,
      550229.5267051999,
      508759.421670625,
      24137.782394778915,
      60597.42077765521,
      43705.301415207796,
      43524.816106909886,
      9071.927207445726,
      10571.598638675176,
      64808.8260524869,
      184756.34382857475,
      91319.18530116603,
      539784.1342161298,
      1208588.3026966285,
      47932.57925992925,
      139151.9757967014,
      380938.7629014589,
      1863.7804604228586,
      127034.55135662947,
      1322803.466151461,
      330524.6217564475,
      76984.97750161123,
      57413.95139540732,
      44226.39815774467,
      18632.045427602716,
      1029493.6881494997,
      178466.8428211119,
      108457.07304794807,
      228757.0558304116,
      290880.51787003595,
      8072.444326468743,
      254877.4641197268,
      32753.617171793245,
      15560.793903839774,
      49453.696384707466,
      30966.904555880465,
      3747.594281412661,
      66897.38867098372,
      10435.504943331704,
      194377.4778975444,
      1190444.7854410745,
      21051.8793233335,
      32422.454361950047,
      7751.9150918265805,
      7902.144679180346,
      10760.205750411376,
      132602.85698978417,
      42073.92370657157,
      280602.0245752232,
      240958.8880616855,
      9568.427151906304,
      23740.971697998233,
      73484.6191989528,
      2656.589952864684,
      93857.78341882024,
      39577.83116731513,
      15646.019939051941,
      4923.107850958593,
      160263.37139924336,
      425981.77599055227,
      137481.10398298968,
      16971.50724918954,
      9640.713150974363,
      441430.9865333317,
      8674.546134232543,
      58586.19709382765,
      65167.31923829857,
      24755.501081249677,
      109431.19360836037,
      96689.5670076441,
      1355875.9958152445,
      28992.863490310498,
      68363.23993736599,
      7004.36176476907,
      193193.05473911576,
      13958.770210609771,
      22694.90728662256,
      10892.230921472423
    ]
  }
}