{
  "125.0": {
    "obs": [
      378931.3917927258
    ],
    "p": 0.928,
    "toy": [
      1385594.131754648,
      1314349.3972510342,
      556345.5823968919,
      900740.5569020044,
      1395869.7988438075,
      1014789.9472976262,
      414746.9707481852,
      1015113.2298136046,
      1287827.3996086894,
      633712.8634000486,
      876591.3906490551,
      1202757.1862203404,
      529457.8887993777,
      1017194.529215334,
      907454.5535937194,
      845598.1455738172,
      1050608.1331604952,
      808413.0126217632,
      980492.043958433,
      1121436.1169671053,
      538562.290586995,
      560468.2931531537,
      486940.8769837152,
      715544.1489879293,
      1162243.5477588205,
      884722.6743048327,
      825967.6369783059,
      1191220.3753769156,
      1445217.8980510822,
      271250.50170558505,
      1235411.6320365416,
      662876.3911479181,
      296366.1576168295,
      2499650.197829121,
      1523914.6911783908,
      658256.5785751501,
      1210080.2449818011,
      935550.3191201193,
      523852.2365633715,
      724237.0166769009,
      353505.4470476266,
      411777.0514426641,
      571406.0384244341,
      748698.5172682973,
      1179252.4875116628,
      852883.7530821655,
      1045797.017009017,
      559384.7699314365,
      521057.90139004495,
      482109.11441073753,
      1225815.976956876,
      1107764.419093729,
      462389.7805947466,
      1152333.6631433507,
      812853.567332631,
      1075450.7928615808,
      1082089.9790063333,
      1430518.6599733345,
      652228.767016436,
      1034385.5488542132,
      1246663.577601809,
      1531001.0062296474,
      802062.9402482649,
      937125.1055378411,
      671649.2238253467,
      1163301.6204326814,
      939957.7293459456,
      713676.7621881627,
      750534.2745478572,
      1003414.5205676239,
      403047.34879189637,
      1123825.1508249836,
      225788.59637785703,
      1454857.152852538,
      587521.3359379908,
      899474.8603566894,
      1176661.2255175197,
      1209585.1967580672,
      471760.66433592513,
      185717.81785291154,
      1094005.0188346691,
      1304452.5869919788,
      1206761.3368709693,
      540277.8116995608,
      545562.6223792788,
      1403823.1089284085,
      458099.29643369187,
      1343461.0810372476,
      356622.73945353087,
      866233.3114244416,
      1034225.228333313,
      1010150.2713656789,
      978183.0987464357,
      6899633.934134336,
      747185.4976828787,
      343080.6976798121,
      383327.46246895194,
      1005974.3611605167,
      909589.8735954519,
      375118.6070079729,
      647661.2026818255,
      1036018.6790859196,
      543387.1097947685,
      438426.49275765754,
      432140.2027749885,
      1092241.0443678629,
      295230.2142582461,
      1084252.9018178238,
      579861.4314045738,
      516994.25481632445,
      456782.92367766425,
      1267816.6408376042,
      927049.3394771572,
      732347.1200826308,
      1053220.007603474,
      319082.28517705575,
      818383.9709215229,
      692856.77924769,
      564316.5552333137,
      335136.5000891499,
      931046.1108417483,
      657130.4131781356,
      929326.256407192,
      798971.0069639264,
      458927.0714907758,
      390602.7008713847,
      1151741.561689891,
      650896.9252901198,
      1049825.2312946012,
      1227893.216042933,
      653797.8627548665,
      976190.1205364615,
      596854.094525232,
      512911.29860106483,
      1520544.29265171,
      1423498.9854825344,
      1263898.833336913,
      586108.8812437756,
      976004.9665100109,
      937551.0079012634,
      1167841.7777527105,
      581938.1918972926,
      1256847.5823752573,
      396542.0834591966,
      1250317.395866003,
      634702.0565081714,
      1573884.6032244097,
      716908.0368810091,
      524621.5402678344,
      826863.346912777,
      1144056.0973264724,
      679840.4002405768,
      522802.209085986,
      890214.524344964,
      703886.2263736194,
      939718.6171216229,
      1560594.2887262702,
      858944.6004555216,
      1180097.4132290622,
      516444.441875861,
      1258777.1175277913,
      581291.147917958,
      839632.0192810465,
      1161144.592943509,
      957283.330611296,
      467880.6510095326,
      1191285.3111559413,
      525621.3476046929,
      1378329.0081371656,
      1200876.933768589,
      794475.6427672487,
      868896.2061681142,
      1705147.6539529124,
      1087683.8513199575,
      732247.3680345248,
      558432.2699625529,
      576708.8941151919,
      2410992.34666034,
      468680.98947753944,
      1276265.8072132282,
      552314.3227521777,
      1322880.1471616924,
      771868.5618708236,
      753305.1481751576,
      1362366.555048964,
      931913.9658656977,
      1039922.9429793265,
      941160.3958018282,
      1545645.3019970655,
      1061435.4086042708,
      403615.21802342683,
      1058066.0338610318,
      1270784.2664536787,
      479348.91608772613,
      334012.03214973584,
      1041158.2515049679,
      812379.478453204,
      545149.3920795936,
      1149451.9930165075,
      506172.7881611269,
      771124.8702125829,
      316191.5417627292,
      1044350.3379381793,
      354333.37426828966,
      520303.21709590126,
      1603037.7206417471,
      1251946.2336734338,
      977272.9088778291,
      525313.9036313007,
      389387.2938723443,
      2374936.314009619,
      1244990.7770072008,
      643699.7755163107,
      1360599.400495015,
      1383064.9567305641,
      704912.9713146035,
      563606.0209370228,
      467557.00249336474,
      2532328.922433176,
      569674.5162366787,
      871705.8303880412,
      193845.82270854898,
      1166068.2731942171,
      1036027.5740579497,
      561565.1958740773,
      512493.96660616994,
      305363.017148003,
      1399897.1421954334,
      1200672.3254723242,
      901296.8438867079,
      1054275.4870536523,
      335884.0037264135,
      547055.4483114136,
      334475.9075010959,
      1301278.342961236,
      538102.5112493616,
      1790557.4110774389,
      1280151.6169497417,
      756588.5886669075,
      1320057.194531832,
      2736870.2390057314,
      1171336.041775193,
      780732.3550447635,
      465301.66772326827,
      1063479.3869024534,
      1215090.7564057568,
      1159736.851568764,
      1588111.6452716133,
      1102811.8197814059,
      459936.3568810858
    ]
  }
}