{
  "125.0": {
    "obs": [
      378016.26485582907
    ],
    "p": 0.908,
    "toy": [
      1559543.2288697753,
      1366998.23632068,
      190037.13568504527,
      929812.7538921358,
      874483.4537175242,
      1103955.378937657,
      313908.64456054475,
      1178977.5866834344,
      876391.9790644944,
      1161519.0711616436,
      456303.38617608417,
      408743.55600346904,
      1235870.7572912462,
      876734.2235453846,
      1068306.4936206965,
      442219.43520852923,
      1004908.9215414813,
      1275080.117307703,
      685563.2177338079,
      590937.5953608183,
      382387.97860578354,
      1126365.6153730545,
      947888.325418611,
      1374597.7792849038,
      819524.5461164126,
      779934.013609048,
      1320006.1119464599,
      593745.9297027141,
      725384.0712363999,
      692563.6512940871,
      568927.8352399459,
      375455.4011982223,
      767799.1109773889,
      890537.4895946095,
      632000.9082832308,
      698128.8186042784,
      1020541.0885326471,
      1206205.9967040997,
      746907.5088831084,
      1567101.928322835,
      347745.5756043559,
      993888.4061116995,
      745329.6137750708,
      635556.969775252,
      259317.57043677568,
      465776.72732998524,
      695555.4860577742,
      416858.9289886672,
      529960.9452071777,
      808302.8742653895,
      648709.8263108367,
      258987.16274274234,
      198402.7903810637,
      632793.5163938226,
      825747.467051805,
      370807.1564361593,
      567896.2181552602,
      1141298.682583592,
      740555.7220759075,
      593978.6130777542,
      818282.0079974802,
      940901.8371499684,
      1506658.2963234102,
      369551.2951847296,
      1460755.1075014006,
      490894.8190774778,
      1024200.3719813507,
      472043.6890263539,
      468171.63470258564,
      703431.302224203,
      1239850.8065961162,
      905108.5424924381,
      1165932.5632521613,
      579985.6636155834,
      1241268.7497822903,
      373010.8430909561,
      1155632.329338382,
      1108413.8121015038,
      526377.3535479847,
      1406055.5565157412,
      436599.9003525609,
      748771.8295432264,
      822528.4868310057,
      1760719.0059416853,
      1817675.7183608478,
      1146716.6297486033,
      538554.7617665576,
      722523.1683770325,
      645059.0165953021,
      861487.5233914973,
      485860.7363309637,
      490244.30728988256,
      613901.5500039086,
      1021463.1549332961,
      443150.59263028856,
      613121.2833661884,
      1153526.2937317714,
      829710.472806735,
      763470.5136507237,
      472325.03855119925,
      1078677.7543697692,
      627713.4575801501,
      994373.8936945302,
      591790.863687532,
      985067.7200908931,
      302989.7974236533,
      1054472.7676040046,
      997726.6739099845,
      699058.0532965176,
      1243786.9667020896,
      770185.6238877326,
      1084467.7516719038,
      446241.2825220404,
      752196.6272418108,
      520041.1739728339,
      926762.1920683691,
      475334.7715243036,
      379272.9832016174,
      1083092.511844337,
      878870.6343008727,
      412403.2392623108,
      503585.07955231424,
      1084632.5514708003,
      488257.70584130194,
      963256.1383493738,
      451138.37424975913,
      201497.2887990959,
      938493.0293725338,
      518484.5469457926,
      778657.694898352,
      737141.9958967865,
      409979.8502322566,
      1392170.2665714882,
      413772.1288126875,
      1251780.5437736176,
      1210842.6073972927,
      696811.1870392235,
      1051523.1832573758,
      840370.3013379565,
      532626.220162007,
      857839.3310778905,
      634509.5184597326,
      1069812.1992191328,
      551132.1465976872,
      495964.84530765284,
      478554.8658873271,
      1338371.67433138,
      223070.08624423854,
      1233435.7768898467,
      427218.26778247487,
      596848.3905434012,
      1198978.4945163578,
      1570547.092955241,
      618219.6359831588,
      1239184.2173215756,
      242036.9328687666,
      1059282.8246299336,
      575139.6799052944,
      1027643.8509674333,
      891779.6807042323,
      593361.5348884715,
      355883.3627178455,
      433559.17491521314,
      809679.3516268535,
      475751.74168693647,
      1671775.0885443315,
      728681.5297104046,
      699466.3194704251,
      1154960.2323708953,
      958784.9659070913,
      942562.622307959,
      484092.2093800856,
      1174621.0192851182,
      1064578.170242628,
      660716.5074298363,
      217088.6715917783,
      427151.68341609836,
      1426549.5219261134,
      761947.9345417153,
      1384431.647760613,
      536213.1271162471,
      1037917.1602012189,
      1309620.4012819575,
      576760.7498182356,
      522605.2941427948,
      5124066.534336761,
      1508921.4965767954,
      779181.2126839291,
      578438.9652926726,
      605799.3302405868,
      767383.115911982,
      593913.51187687,
      860314.5692679258,
      1029700.6657307539,
      862803.9108442077,
      918621.69637678,
      417226.5716059301,
      455645.2321352437,
      2582450.6385244643,
      297681.8594056107,
      564559.4375575036,
      843087.15705889,
      423861.6769712502,
      2718813.3992093587,
      786004.0143707963,
      1373423.5566673,
      877387.8733711895,
      1386430.4389239084,
      1011144.8514866242,
      445872.87597143836,
      566404.632794939,
      865861.6320775757,
      363319.08719931357,
      610410.4336812701,
      330856.6617767662,
      765802.240909759,
      1326019.7830333086,
      685175.3335578414,
      5312210.175901357,
      738653.1217248123,
      818184.5804029778,
      1120487.3061445924,
      1150475.9739658115,
      297597.81921129674,
      1108409.7757405723,
      382320.45700867753,
      5248138.645588706,
      1118775.3171090623,
      1629567.172513702,
      875441.3246493079,
      1208342.290021089,
      644640.4614848886,
      525834.5437260829,
      468880.7693546079,
      765829.8131323,
      1072185.1371546108,
      1616995.1528207194,
      925438.2274190625,
      1556803.7979858145,
      1058934.1788282758,
      727420.2825917806,
      339769.587150326,
      195404.6712847883,
      308194.3271492133,
      846366.1830115886,
      868756.4029800743,
      1172837.3322664956,
      616079.4552375907,
      500025.12791117094,
      1020504.1276762215
    ]
  }
}