{
  "125.0": {
    "obs": [
      92093.28648262378
    ],
    "p": 0.752,
    "toy": [
      819968.566078119,
      1399058.8969268864,
      2190903.7340342486,
      788205.8528854232,
      86364.79268460162,
      94910.95779336803,
      82105.13460749388,
      16739.08022780344,
      14966.730619156733,
      861094.5941480324,
      10232.658990037628,
      1019722.4856722755,
      935051.4905296769,
      213560.23459926434,
      640836.7939773425,
      1247234.7774520712,
      81642.84666325897,
      262685.24628575984,
      1035775.6344659822,
      34099.61375709809,
      551249.7750232872,
      180525.73332053423,
      828964.9591729725,
      1234501.7148180613,
      825816.0069244113,
      910552.3705210164,
      152936.53319848143,
      115284.57088045496,
      29308.36762073543,
      23995.720295727253,
      756438.235388265,
      805631.3488435196,
      63617.10455788206,
      216343.3681048369,
      1123594.6226361953,
      939563.2426051106,
      14582.940164985135,
      223088.8654321395,
      1318806.7181977136,
      98208.46299741045,
      152109.61300999764,
      185016.82732480858,
      570386.9088204978,
      25861.869320375845,
      764839.4587506317,
      756799.831679333,
      769936.9156046659,
      108443.55948685668,
      841761.9311252022,
      787577.2187048551,
      770217.4275151026,
      1044081.530897147,
      274566.0653053755,
      975283.9111329028,
      142690.91789610032,
      592501.155494038,
      536793.2436664002,
      127694.03184268903,
      898953.6017873688,
      387665.83768511564,
      219841.39542327635,
      764855.0100837266,
      250706.16282854415,
      102587.5795361558,
      386659.8283270579,
      21258.439618932083,
      238094.54727620631,
      106739.97124686092,
      18386.513149986975,
      56695.93121221103,
      808639.0414062822,
      88358.27113741357,
      138200.57894960605,
      874725.3419994516,
      1034383.117978056,
      813810.7618820854,
      40400.770219731145,
      89799.33413912915,
      772035.9759550523,
      28515.990513794124,
      372141.4957889756,
      450885.8275423879,
      216758.40539415553,
      23375.17027664464,
      369043.69419854693,
      131079.17630455364,
      99734.24316610489,
      145707.26072811708,
      167160.86983610503,
      1460644.6085932655,
      292138.64401706494,
      775314.7239538003,
      74232.64508055896,
      48793.888720797375,
      32764.05719194282,
      947300.9701320808,
      1069584.542138365,
      235987.00196121447,
      49156.57549585961,
      313707.7458619997,
      142883.04663329478,
      157838.98626961838,
      84645.26645925734,
      33031.69179398753,
      20140.117754626088,
      1429291.7059862046,
      89882.49615861569,
      152403.69072128087,
      792623.1022256725,
      1104433.6949348627,
      7042.172258850187,
      305857.8077623937,
      933242.8780711396,
      791963.7383666001,
      247931.45126946736,
      64509.21028936375,
      110740.52119533345,
      1232053.0630821586,
      922357.8492718283,
      26076.389874950983,
      287323.4931138223,
      260420.04035834596,
      400548.85182606895,
      835464.3334839446,
      786599.2750551142,
      143609.31309768,
      29292.63007729873,
      338490.9143806128,
      810091.7806374673,
      45293.51087971218,
      965537.4932149639,
      608731.9157134863,
      790323.1977373399,
      1592073.5159937786,
      89550.55124766286,
      202878.87298556045,
      144632.95394982118,
      783270.7431993382,
      261286.96470299363,
      883232.8271503011,
      56204.65413651243,
      826346.8730818722,
      123571.60613670386,
      171752.14104607794,
      17026.414403680712,
      113127.6918491004,
      20164.104936349206,
      760320.9254693082,
      768653.8768270919,
      781300.9259476187,
      824424.7805630593,
      33430.091514329426,
      73912.65703689586,
      154637.50776178762,
      148672.2382754041,
      298120.95138636325,
      13902.27455286216,
      175505.85019068234,
      35408.55603684764,
      962969.3565329416,
      51067.25176445022,
      2488678.998810501,
      1106619.3062706152,
      86049.77145623136,
      802035.6778895259,
      1001810.8600179115,
      306787.0388680585,
      969391.5172916977,
      82591.87655318994,
      2020820.3181683468,
      135364.18313969672,
      183426.93950660154,
      790798.61789722,
      47590.13207104523,
      136128.973607203,
      166449.57908055373,
      799275.2407880472,
      93048.20516631566,
      42046.67727178894,
      189408.960079615,
      163174.37943527475,
      810863.4154631877,
      777883.5649394505,
      144071.74090699013,
      19034.014913518913,
      103445.13685419317,
      13666.140598230995,
      926745.2786432961,
      1269850.7242414784,
      968910.7123258859,
      105362.05433495343,
      226499.6093000723,
      1000588.2327139312,
      885494.8249091124,
      758638.8458261238,
      922382.6521645961,
      999653.564510447,
      49962.514406937174,
      80228.47564406972,
      1442139.3692274112,
      26158.571404826827,
      150047.02673991863,
      326060.1379360752,
      952409.0574510936,
      258571.08605730906,
      72452.28831549268,
      47638.14953199774,
      13178.179896719754,
      964463.0062199393,
      38420.89297659695,
      862240.1084423866,
      2129513.692034114,
      145420.2311709337,
      766528.4497308815,
      1153520.8332059858,
      146071.6034742687,
      383583.36451611016,
      674355.3827988952,
      43990.38060816098,
      14811.813046341762,
      645349.4663578719,
      768758.1932726819,
      24757.52485490963,
      1044926.3226216752,
      132650.92859952338,
      879094.5245517744,
      964547.5502955252,
      1004124.6134095741,
      45578.747865621,
      83935.83195359539,
      101992.4101944305,
      288567.918288582,
      937879.7748893173,
      102129.72476078663,
      797027.3795201089,
      269361.51775394287,
      883399.0052072257,
      376344.05342752207,
      3368004.3751650173,
      382142.43901258986,
      49869.43362901267,
      75450.38991589099,
      136990.99047107715,
      781597.1933152443,
      1676524.579388734,
      632204.1524201306,
      825207.599284675,
      788726.4732732847,
      829711.2123000026,
      1356772.2342627095
    ]
  }
}