{
  "125.0": {
    "obs": [
      107599.05827329773
    ],
    "p": 0.324,
    "toy": [
      140154.7776298253,
      7964.040252192877,
      21675.380431037396,
      68724.18183101062,
      9267.917122796178,
      543139.4917281233,
      87872.8094336139,
      30671.28360122163,
      369987.329000704,
      102867.04567067884,
      202327.87915619276,
      38746.68233483378,
      16828.988584871404,
      179539.34383490868,
      5181.556446504779,
      177158.99614255503,
      12769.075743428431,
      70359.98041085713,
      50245.17872489244,
      24786.735912386328,
      13979.813335804269,
      28800.127643957734,
      44569.764093651436,
      4885.004116144031,
      27986.217394011095,
      120447.68759944104,
      14165.482894775458,
      4083.9611842343584,
      25660.572432583198,
      38462.16615079157,
      231512.428461371,
      14864.185871715657,
      87235.61186316796,
      889121.1558305612,
      15011.239937930368,
      45183.36294007581,
      63840.2089833403,
      22058.02522625774,
      323056.9897625027,
      6287.2069134237245,
      18321.722249290906,
      10981.72191755753,
      47926.39925018512,
      24148.45604645647,
      478541.341502578,
      32435.40055934619,
      14662.667993704788,
      35420.87398567889,
      109090.59784972202,
      7292.457287188619,
      320287.8114095852,
      11831.439564039,
      61018.79356765002,
      16113.422348292544,
      122898.14409274887,
      8108.93591295369,
      55971.73782508075,
      9460.25705281645,
      13065.682148682885,
      15348.990486714989,
      41833.43388084415,
      3551.374740046449,
      16134.461787530221,
      286660.4663806474,
      9594.439853604883,
      4104.3313997760415,
      27721.792403618805,
      11389.689783934504,
      6569.647236781195,
      46106.76260451879,
      1445462.7844763119,
      131987.71949129552,
      80123.49009046424,
      494961.2329228269,
      21582.299933955073,
      153368.75913403556,
      50766.29439011589,
      15635.132804801688,
      37773.18550865352,
      114434.89763970952,
      213656.07275339589,
      29043.52479739301,
      29276.08195607364,
      11669.835418452509,
      20854.161181093194,
      145856.07809447497,
      219479.88942415174,
      55130.18538810406,
      1675872.7259419924,
      204852.40906999446,
      3351.5112408036366,
      3497.9266247833148,
      440339.02791325,
      855130.052775166,
      54368.835337857716,
      105028.71487260144,
      1192529.3929990558,
      30767.965237943456,
      20008.7507397281,
      246574.3491810877,
      553096.6980818082,
      142632.3272870807,
      50209.0192388976,
      167199.56077879947,
      86159.24388232268,
      2521.7838264945894,
      19887.505418946035,
      194387.08939761762,
      128390.83215067629,
      207317.43229224347,
      69442.16205261834,
      115141.27061222587,
      343114.66602565907,
      21198.943713979796,
      17781.083706947975,
      27472.412986166775,
      3162.458248851821,
      458340.4771989202,
      192800.1690798588,
      19811.70185821876,
      231852.78691699076,
      87821.54147957172,
      23021.397411353886,
      123226.02291764785,
      8865.409241040237,
      488946.9882568801,
      342892.9818102354,
      121929.00224925671,
      611331.2188818213,
      21812.37093016412,
      98886.17224732973,
      81864.34420730453,
      45646.90265745297,
      60740.914708829485,
      99203.80621435773,
      69866.8672302207,
      160877.28067253437,
      263441.21142375283,
      494177.6063231062,
      20006.69570658263,
      188938.4873307338,
      168044.7120484393,
      7458.9236082118005,
      10392.759889094159,
      77748.69973204471,
      286811.8759986935,
      4900.26050145831,
      43513.856136049144,
      137566.5654401211,
      357117.8806470819,
      13598.86596526578,
      61224.790473167785,
      301383.5389001658,
      216079.97246107366,
      175940.72230626736,
      14415.877103243954,
      13358.546054240316,
      45944.12618675269,
      27797.36004610546,
      57838.37081576977,
      70760.43864998501,
      190262.06155463122,
      7270.695367292501,
      13950.565128175542,
      32499.036654065363,
      81842.77758832648,
      7490.5868563354015,
      1341882.157262762,
      48655.05962094944,
      272386.4606177313,
      51632.92708792817,
      46985.958388569765,
      249400.72637503035,
      6961.337697163224,
      86907.51871877816,
      78840.88369395398,
      52792.193941912614,
      378091.3921040315,
      34000.692409969866,
      27204.752391800284,
      124880.5552745359,
      72558.71887620818,
      102217.66140730772,
      7086.384030437097,
      634398.7831582483,
      44045.9250250645,
      57219.154186146334,
      5198.215660966001,
      4477.421435199678,
      18439.315665222704,
      1269148.308303575,
      44913.61402021907,
      31454.202050981112,
      12175.394619979896,
      198897.56299169734,
      121515.78661414515,
      66980.90975463577,
      8437.14290019311,
      180668.44256663602,
      32885.96571958996,
      13507.897001228295,
      13045.86667077057,
      406396.94814339,
      19668.080079151317,
      88584.79791350849,
      31005.0547042517,
      55789.54201484192,
      25394.6931312168,
      69435.38080876973,
      18646.54248407297,
      9381.670472895727,
      119303.02925592568,
      489127.95267846156,
      22127.49980221037,
      7656.520866989158,
      898685.9518674808,
      23538.360236341134,
      3495.9489496862516,
      9391.74910795223,
      158082.96853266563,
      39520.233158607036,
      76606.79345628154,
      46852.52494521625,
      496282.0384213319,
      16573.232651227154,
      20836.641648167744,
      44044.213943214156,
      91581.19150335435,
      19629.948939527385,
      56194.84178988077,
      170817.4470797591,
      36613.62532991264,
      477366.34600615967,
      126326.52559403796,
      2866.3715781932697,
      2411.3821393148974,
      47730.900443124585,
      18618.60396351386,
      131162.13095879462,
      18031.376868867315,
      489602.6525677191,
      297768.30169386975,
      1181017.0916961608,
      14927.001097219065,
      137199.27988592442,
      64309.98263772391,
      78018.3356070444,
      19275.652097730897,
      14298.036987401545,
      60911.71227834467
    ]
  }
}